[{"pk": 1, "model": "dyvixitsolutions.consultant", "fields": {"nom": "Waffo", "email": "waffoluc@gmail.com", "prenom": "Luc", "phone": 699581262}}, {"pk": 2, "model": "dyvixitsolutions.consultant", "fields": {"nom": "Wouleu", "email": "wouleuf@gmail.com", "prenom": "Franklin", "phone": 696241088}}, {"pk": 3, "model": "dyvixitsolutions.consultant", "fields": {"nom": "Feugwang", "email": "v.feugwang@gmail.com", "prenom": "Valere", "phone": 699580265}}, {"pk": 4, "model": "dyvixitsolutions.consultant", "fields": {"nom": "Fotso", "email": "valere.fotso@gmail.com", "prenom": "Valere", "phone": 699450688}}, {"pk": 5, "model": "dyvixitsolutions.consultant", "fields": {"nom": "Tata", "email": "tata.kimbanz@gmail.com", "prenom": "Kim", "phone": 699775522}}, {"pk": 1, "model": "dyvixitsolutions.fournisseur", "fields": {"phone": 97164538463, "compagnie": "HP", "email": "hp@hp.com", "address": "HP Houston"}}, {"pk": 2, "model": "dyvixitsolutions.fournisseur", "fields": {"phone": 97164426353, "compagnie": "Dell", "email": "dell@dell.com", "address": "Dell Abu Dhabi"}}, {"pk": 3, "model": "dyvixitsolutions.fournisseur", "fields": {"phone": 97152423373, "compagnie": "Machintosh", "email": "machintosh@mac.com", "address": "Machintosh Denver"}}, {"pk": 4, "model": "dyvixitsolutions.fournisseur", "fields": {"phone": 97163543422, "compagnie": "Azus", "email": "azus@azus.com", "address": "Azus Paris"}}, {"pk": 5, "model": "dyvixitsolutions.fournisseur", "fields": {"phone": 97156339262, "compagnie": "Toshiba", "email": "toshiba@toshiba.com", "address": "Toshiba Tokyo"}}, {"pk": 6, "model": "dyvixitsolutions.fournisseur", "fields": {"phone": 97153945262, "compagnie": "Cisco", "email": "cisco@cisco.com", "address": "Cisco Us, Atlanta DC"}}, {"pk": 7, "model": "dyvixitsolutions.fournisseur", "fields": {"phone": 237699574839, "compagnie": "LG", "email": "lg@lg.lg", "address": "LG Rue LG ville LG."}}, {"pk": 1, "model": "dyvixitsolutions.client", "fields": {"phone": 699127737, "address": "Cite Verte G31", "societe": "Ets Alan And Steve", "email": "alan_and_steve@yahoo.fr"}}, {"pk": 2, "model": "dyvixitsolutions.client", "fields": {"phone": 699374736, "address": "Cite Verte H52", "societe": "Koryn Nancy", "email": "koryn_and_nancy@yahoo.fr"}}, {"pk": 3, "model": "dyvixitsolutions.client", "fields": {"phone": 699735338, "address": "Mokolo en bas", "societe": "Ets Fokou", "email": "fokou@yahoo.fr"}}, {"pk": 4, "model": "dyvixitsolutions.client", "fields": {"phone": 699669900, "address": "Bertoua", "societe": "Ets Nziko", "email": "nziko@yahoo.fr"}}, {"pk": 1, "model": "dyvixitsolutions.categoryproduit", "fields": {"date": "2015-09-27T18:01:41.653Z", "titre": "Ecrans", "photo": "", "desc": "ECRANS -- Lorem ipsum dolor sit amet, consectetur adipisicing elit. Ducimus optio beatae iste architecto, laudantium eaque perferendis fugit quae iure voluptate quaerat! Molestias atque ea, accusamus aliquid dolorum omnis esse neque."}}, {"pk": 2, "model": "dyvixitsolutions.categoryproduit", "fields": {"date": "2015-09-27T18:01:41.672Z", "titre": "Claviers", "photo": "", "desc": "CLAVIERS -- Lorem ipsum dolor sit amet, consectetur adipisicing elit. Ducimus optio beatae iste architecto, laudantium eaque perferendis fugit quae iure voluptate quaerat! Molestias atque ea, accusamus aliquid dolorum omnis esse neque."}}, {"pk": 3, "model": "dyvixitsolutions.categoryproduit", "fields": {"date": "2015-09-27T18:01:41.676Z", "titre": "Souris", "photo": "", "desc": "SOURIS -- Lorem ipsum dolor sit amet, consectetur adipisicing elit. Ducimus optio beatae iste architecto, laudantium eaque perferendis fugit quae iure voluptate quaerat! Molestias atque ea, accusamus aliquid dolorum omnis esse neque."}}, {"pk": 4, "model": "dyvixitsolutions.categoryproduit", "fields": {"date": "2015-09-27T18:01:41.717Z", "titre": "Unites Centrales", "photo": "", "desc": "UNITES CENTRALES -- Lorem ipsum dolor sit amet, consectetur adipisicing elit. Ducimus optio beatae iste architecto, laudantium eaque perferendis fugit quae iure voluptate quaerat! Molestias atque ea, accusamus aliquid dolorum omnis esse neque."}}, {"pk": 5, "model": "dyvixitsolutions.categoryproduit", "fields": {"date": "2015-09-27T18:01:41.721Z", "titre": "Imprimantes", "photo": "", "desc": "IMPRIMANTE -- Lorem ipsum dolor sit amet, consectetur adipisicing elit. Ducimus optio beatae iste architecto, laudantium eaque perferendis fugit quae iure voluptate quaerat! Molestias atque ea, accusamus aliquid dolorum omnis esse neque."}}, {"pk": 6, "model": "dyvixitsolutions.categoryproduit", "fields": {"date": "2015-09-27T18:01:41.725Z", "titre": "Switches", "photo": "", "desc": "SWITCHES  -- Lorem ipsum dolor sit amet, consectetur adipisicing elit. Ducimus optio beatae iste architecto, laudantium eaque perferendis fugit quae iure voluptate quaerat! Molestias atque ea, accusamus aliquid dolorum omnis esse neque."}}, {"pk": 7, "model": "dyvixitsolutions.categoryproduit", "fields": {"date": "2015-09-27T18:01:41.729Z", "titre": "Routeurs", "photo": "", "desc": "ROUTEURS -- Lorem ipsum dolor sit amet, consectetur adipisicing elit. Ducimus optio beatae iste architecto, laudantium eaque perferendis fugit quae iure voluptate quaerat! Molestias atque ea, accusamus aliquid dolorum omnis esse neque."}}, {"pk": 8, "model": "dyvixitsolutions.categoryproduit", "fields": {"date": "2015-09-27T18:01:41.732Z", "titre": "Windows", "photo": "", "desc": "WINDOWS -- Lorem ipsum dolor sit amet, consectetur adipisicing elit. Ducimus optio beatae iste architecto, laudantium eaque perferendis fugit quae iure voluptate quaerat! Molestias atque ea, accusamus aliquid dolorum omnis esse neque."}}, {"pk": 9, "model": "dyvixitsolutions.categoryproduit", "fields": {"date": "2015-09-27T18:01:41.735Z", "titre": "Unix", "photo": "", "desc": "UNIX -- Lorem ipsum dolor sit amet, consectetur adipisicing elit. Ducimus optio beatae iste architecto, laudantium eaque perferendis fugit quae iure voluptate quaerat! Molestias atque ea, accusamus aliquid dolorum omnis esse neque."}}, {"pk": 10, "model": "dyvixitsolutions.categoryproduit", "fields": {"date": "2015-09-27T18:01:41.738Z", "titre": "Linux", "photo": "", "desc": "LINUX -- Lorem ipsum dolor sit amet, consectetur adipisicing elit. Ducimus optio beatae iste architecto, laudantium eaque perferendis fugit quae iure voluptate quaerat! Molestias atque ea, accusamus aliquid dolorum omnis esse neque."}}, {"pk": 11, "model": "dyvixitsolutions.categoryproduit", "fields": {"date": "2015-09-27T18:01:41.741Z", "titre": "OS X", "photo": "", "desc": "OSX -- Lorem ipsum dolor sit amet, consectetur adipisicing elit. Ducimus optio beatae iste architecto, laudantium eaque perferendis fugit quae iure voluptate quaerat! Molestias atque ea, accusamus aliquid dolorum omnis esse neque."}}, {"pk": 12, "model": "dyvixitsolutions.categoryproduit", "fields": {"date": "2015-09-28T13:40:20Z", "titre": "LG", "photo": "uploaded_files/1443471096_23_produit3.png", "desc": "Materiel LG"}}, {"pk": 1, "model": "dyvixitsolutions.categoryservice", "fields": {"date": "2015-09-27T18:01:41.745Z", "titre": "Reseaux", "photo": "", "desc": "Lorem ipsum dolor sit amet, consectetur adipisicing elit. Ducimus optio beatae iste architecto, laudantium eaque perferendis fugit quae iure voluptate quaerat! Molestias atque ea, accusamus aliquid dolorum omnis esse neque."}}, {"pk": 2, "model": "dyvixitsolutions.categoryservice", "fields": {"date": "2015-09-27T18:01:41.749Z", "titre": "Programmation", "photo": "", "desc": "Lorem ipsum dolor sit amet, consectetur adipisicing elit. Ducimus optio beatae iste architecto, laudantium eaque perferendis fugit quae iure voluptate quaerat! Molestias atque ea, accusamus aliquid dolorum omnis esse neque."}}, {"pk": 3, "model": "dyvixitsolutions.categoryservice", "fields": {"date": "2015-09-27T18:01:41.751Z", "titre": "DataBase", "photo": "", "desc": "Lorem ipsum dolor sit amet, consectetur adipisicing elit. Ducimus optio beatae iste architecto, laudantium eaque perferendis fugit quae iure voluptate quaerat! Molestias atque ea, accusamus aliquid dolorum omnis esse neque."}}, {"pk": 4, "model": "dyvixitsolutions.categoryservice", "fields": {"date": "2015-09-27T18:01:41.754Z", "titre": "Securite", "photo": "", "desc": "Lorem ipsum dolor sit amet, consectetur adipisicing elit. Ducimus optio beatae iste architecto, laudantium eaque perferendis fugit quae iure voluptate quaerat! Molestias atque ea, accusamus aliquid dolorum omnis esse neque."}}, {"pk": 5, "model": "dyvixitsolutions.categoryservice", "fields": {"date": "2015-09-27T18:01:41.757Z", "titre": "Systeme", "photo": "", "desc": "Lorem ipsum dolor sit amet, consectetur adipisicing elit. Ducimus optio beatae iste architecto, laudantium eaque perferendis fugit quae iure voluptate quaerat! Molestias atque ea, accusamus aliquid dolorum omnis esse neque."}}, {"pk": 6, "model": "dyvixitsolutions.categoryservice", "fields": {"date": "2015-09-28T14:17:36Z", "titre": "Storage", "photo": "uploaded_files/1443449973_6_cat_produit.jpeg", "desc": "Stockage de grands volumes de donnees sur des serveurs NAS ou SAN, disponibles en haut debit 24h/24, 7j/7... "}}, {"pk": 7, "model": "dyvixitsolutions.categoryservice", "fields": {"date": "2015-10-08T23:26:09Z", "titre": "software", "photo": "", "desc": "logiciel"}}, {"pk": 1, "model": "dyvixitsolutions.article", "fields": {"photo": "", "link": "http://www.premier.com", "likes": 0, "date": "2015-09-27T18:01:41.762Z", "titre": "Article Premier", "desc": "ARTICLE PREMIER -- Lorem ipsum dolor sit amet, consectetur adipisicing elit. Ducimus optio beatae iste architecto, laudantium eaque perferendis fugit quae iure voluptate quaerat! Molestias atque ea, accusamus aliquid dolorum omnis esse neque."}}, {"pk": 2, "model": "dyvixitsolutions.article", "fields": {"photo": "", "link": "http://www.deuxieme.com", "likes": 0, "date": "2015-09-27T18:01:41.766Z", "titre": "Article Deuxieme", "desc": "ARTICLE DEUXIEME -- Lorem ipsum dolor sit amet, consectetur adipisicing elit. Ducimus optio beatae iste architecto, laudantium eaque perferendis fugit quae iure voluptate quaerat! Molestias atque ea, accusamus aliquid dolorum omnis esse neque."}}, {"pk": 3, "model": "dyvixitsolutions.article", "fields": {"photo": "", "link": "http://www.troisieme.com", "likes": 0, "date": "2015-09-27T18:01:41.770Z", "titre": "Article Troisieme", "desc": "ARTICLE TROISIEME -- Lorem ipsum dolor sit amet, consectetur adipisicing elit. Ducimus optio beatae iste architecto, laudantium eaque perferendis fugit quae iure voluptate quaerat! Molestias atque ea, accusamus aliquid dolorum omnis esse neque."}}, {"pk": 4, "model": "dyvixitsolutions.article", "fields": {"photo": "uploaded_files/1443466083_89_produit1.jpeg", "link": "http://www.duckduckgo.com/", "likes": 0, "date": "2015-09-28T18:45:53Z", "titre": "Waf Art", "desc": "Article sur DuckDuckGo.com avec une image quelconque juste pour verifier l'affichage des images pour les Articles"}}, {"pk": 5, "model": "dyvixitsolutions.article", "fields": {"photo": "uploaded_files/1443535892_96_images.png", "link": "http://www.lmr-assur.com/", "likes": 0, "date": "2015-09-29T14:03:42Z", "titre": "Yvix Article", "desc": "Touko Yvix SQLite is a C library that provides a lightweight disk-based database that doesn\u2019t require a separate server process and allows accessing the database using a nonstandard variant of the SQL query language. Some applications can use SQLite for internal data storage. It\u2019s also possible to prototype an application using SQLite and then port the code to a larger database such as PostgreSQL or Oracle."}}, {"pk": 6, "model": "dyvixitsolutions.article", "fields": {"photo": "uploaded_files/1444345990_76_robot-580x580.jpg", "link": "http://www.developpez.com/actu/90812/Sarah-Sharp-je-ne-fais-plus-partie-de-la-communaute-Linux-kernel/", "likes": 0, "date": "2015-10-08T23:01:57Z", "titre": "Sarah Sharp : \u00ab je ne fais plus partie de la com", "desc": "Linux est le plus grand projet de collaboration au monde dans l\u2019histoire de l\u2019informatique. Une large communaut\u00e9 de d\u00e9veloppeurs et de nombreuses entreprises travaillent de concert pour le d\u00e9veloppement du syst\u00e8me qui s\u2019invite de plus en plus dans de nombreuses plateformes. L\u2019open source \u00e9tant un mod\u00e8le de partage et d\u2019entraide dans le milieu de l\u2019informatique, ces valeurs doivent s\u2019accompagner d\u2019un style de communication visant \u00e0 encourager les d\u00e9veloppeurs qui s\u2019y investissent. Il semble toutefois que ce n\u2019est pas le cas au sein de la communaut\u00e9 Linux kernel.\r\n\r\n\u00c0 plusieurs reprises, le chef de la communaut\u00e9, Linus Torvalds a fait preuve d\u2019une violence verbale envers des d\u00e9veloppeurs et des soci\u00e9t\u00e9s, \u00e0 chaque fois qu\u2019il \u00e9tait question de Linux. On se rappelle par exemple du fameux \u00ab Fuck you ! \u00bb adress\u00e9 \u00e0 NVIDIA \u00e0 cause d\u2019une incompatibilit\u00e9 du mat\u00e9riel de la soci\u00e9t\u00e9 avec Linux, ou encore des propos agressifs contre un d\u00e9veloppeur de Red Hat pour avoir propos\u00e9 un patch pour le support du Secure Boot dans le kernel. Ce style de communication semble \u00eatre celui adopt\u00e9 par les seniors de la communaut\u00e9 Linux kernel pour s\u2019assurer que le travail soit bien fait par les d\u00e9veloppeurs ; et il y a au moins un membre de la communaut\u00e9 qui a fini par craquer.\r\n\r\nHier, sur son blog, Sarah Sharp, d\u00e9veloppeuse techniquement respect\u00e9e de la communaut\u00e9 Linux et distingu\u00e9e en tant que Red Hat\u2019s Women de l\u2019Open Source Award en 2015, a annonc\u00e9 qu\u2019elle fermait d\u00e9finitivement la porte \u00e0 la communaut\u00e9. \u00ab Je ne fais plus partie de la communaut\u00e9 Linux kernel \u00bb, a-t-elle \u00e9crit. La d\u00e9veloppeuse open source explique que son billet de blog gard\u00e9 au brouillon depuis l\u2019ann\u00e9e derni\u00e8re devait maintenant \u00eatre publi\u00e9, en ce moment qu\u2019elle trouve opportun.\r\n\r\nCette d\u00e9cision signifie la fin de toute contribution, qu\u2019il s\u2019agisse d\u2019envoyer un nouveau patch, un rapport de bug, ou de faire une suggestion \u00e0 une liste de diffusion du noyau Linux. Sarah occupait de nombreuses responsabilit\u00e9s au sein de la communaut\u00e9 \u00e0 savoir mainteneuse du noyau Linux, coordinatrice Linux kernel du programme Outreach Program for Women (OPW), et actuellement membre du Technical Advisory Board (TAB) de Linux Foundation. Depuis 2014, elle a silencieusement transf\u00e9r\u00e9 certaines de ses responsabilit\u00e9s pour que la rel\u00e8ve soit assur\u00e9e d\u00e8s son d\u00e9part, et ne compte donc pas se pr\u00e9senter pour une r\u00e9\u00e9lection au sein du TAB alors que son mandat arrive bient\u00f4t \u00e0 terme.\r\n\r\nEn somme, elle s\u2019insurge contre un style de communication \u00ab brutal \u00bb et sans respect des \u00eatres humains. On peut bien le ressentir \u00e0 travers ses propos :\r\n\r\n\u00ab Je me suis finalement rendu compte que je ne pouvais plus contribuer dans une communaut\u00e9 o\u00f9 je me trouvais techniquement respect\u00e9e, mais je ne pouvais pas demander le respect personnel \u00bb ;\r\n\u00ab Je ne pouvais pas travailler avec des gens qui ont encourag\u00e9 les nouveaux arrivants \u00e0 envoyer des patchs, puis soutenu que les responsables devraient \u00eatre autoris\u00e9s \u00e0 cracher n'importe quel mot ignoble \u00bb, pour s\u2019assurer que le travail soit bien fait ;\r\n\u00ab Je ne voulais pas travailler professionnellement avec des gens qui \u00e9taient encourag\u00e9s \u00e0 sortir des blagues sexistes ou homophobes subtiles \u00bb ;\r\n\u00ab Je me sens impuissante dans une communaut\u00e9 qui a eu un \" Code de conflit \" sans une liste pr\u00e9cise des comportements \u00e0 \u00e9viter et une communaut\u00e9 sans dents pour la faire respecter \u00bb ;\r\n\u00ab Les mainteneurs du noyau Linux sont souvent carr\u00e9s, grossiers ou brutaux pour obtenir leur travail accompli \u00bb ;\r\n\u00ab Les tops d\u00e9veloppeurs du noyau Linux crient souvent sur les autres afin de corriger le comportement de l'autre \u00bb.\r\n\r\nVoici entre autres, ce que Sarah Sharp reproche \u00e0 la communaut\u00e9 Linux kernel. Elle estime que ce style de communication ne lui convient pas. Elle aurait souhait\u00e9 que le style de communication au sein de la communaut\u00e9 du noyau Linux soit plus respectueux, et que les mainteneurs trouvent des moyens plus sains de communiquer quand ils sont frustr\u00e9s. Mais selon elle, c\u2019est quelque chose qui risque de ne pas se produire de sit\u00f4t. Apr\u00e8s une longue p\u00e9riode de r\u00e9flexion, elle a donc d\u00e9cid\u00e9 de quitter d\u00e9finitivement la communaut\u00e9.\r\n\r\nSource : Sarah Sharp"}}, {"pk": 1, "model": "dyvixitsolutions.info", "fields": {"photo": "", "link": "http://www.un.com", "likes": 0, "date": "2015-09-27T18:01:41.774Z", "titre": "Info Un", "desc": "INFORMATION UN -- Lorem ipsum dolor sit amet, consectetur adipisicing elit. Ducimus optio beatae iste architecto, laudantium eaque perferendis fugit quae iure voluptate quaerat! Molestias atque ea, accusamus aliquid dolorum omnis esse neque."}}, {"pk": 2, "model": "dyvixitsolutions.info", "fields": {"photo": "", "link": "http://www.deux.com", "likes": 0, "date": "2015-09-27T18:01:41.777Z", "titre": "Info Deux", "desc": "INFORMATION DEUX -- Lorem ipsum dolor sit amet, consectetur adipisicing elit. Ducimus optio beatae iste architecto, laudantium eaque perferendis fugit quae iure voluptate quaerat! Molestias atque ea, accusamus aliquid dolorum omnis esse neque."}}, {"pk": 3, "model": "dyvixitsolutions.info", "fields": {"photo": "", "link": "http://www.trois.com", "likes": 0, "date": "2015-09-27T18:01:41.780Z", "titre": "Info Trois", "desc": "INFORMATION TROIS -- Lorem ipsum dolor sit amet, consectetur adipisicing elit. Ducimus optio beatae iste architecto, laudantium eaque perferendis fugit quae iure voluptate quaerat! Molestias atque ea, accusamus aliquid dolorum omnis esse neque."}}, {"pk": 4, "model": "dyvixitsolutions.info", "fields": {"photo": "uploaded_files/1443466254_95_images (63).jpeg", "link": "http://www.duckduckgo.com/", "likes": 0, "date": "2015-09-28T18:49:56Z", "titre": "Waf Inf", "desc": "Info sur DuckDuckGo.com avec une image quelconque juste pour verifier l'affichage des images pour les Infos."}}, {"pk": 5, "model": "dyvixitsolutions.info", "fields": {"photo": "uploaded_files/1443536191_45_images (66).jpeg", "link": "http://kalyst.fr/", "likes": 0, "date": "2015-09-29T14:13:41Z", "titre": "Yvix Info", "desc": "Yvix Info Description \r\n\r\nSQLite is a C library that provides a lightweight disk-based database that doesn\u2019t require a separate server process and allows accessing the database using a nonstandard variant of the SQL query language. Some applications can use SQLite for internal data storage. It\u2019s also possible to prototype an application using SQLite and then port the code to a larger database such as PostgreSQL or Oracle.\r\n"}}, {"pk": 1, "model": "dyvixitsolutions.produit", "fields": {"category": 1, "quantite": 110, "fournisseur": 1, "photo": "", "libelle": "Ecran HP", "prix_unitaire": 15000, "date": "2015-09-27T18:01:41.805Z", "desc": ""}}, {"pk": 2, "model": "dyvixitsolutions.produit", "fields": {"category": 1, "quantite": 130, "fournisseur": 2, "photo": "", "libelle": "Ecran Del", "prix_unitaire": 17000, "date": "2015-09-27T18:01:41.810Z", "desc": ""}}, {"pk": 3, "model": "dyvixitsolutions.produit", "fields": {"category": 4, "quantite": 40, "fournisseur": 5, "photo": "", "libelle": "UC Toshiba", "prix_unitaire": 45000, "date": "2015-09-27T18:01:41.813Z", "desc": ""}}, {"pk": 4, "model": "dyvixitsolutions.produit", "fields": {"category": 4, "quantite": 200, "fournisseur": 4, "photo": "", "libelle": "UC Azus", "prix_unitaire": 45000, "date": "2015-09-27T18:01:41.818Z", "desc": ""}}, {"pk": 5, "model": "dyvixitsolutions.produit", "fields": {"category": 2, "quantite": 20, "fournisseur": 1, "photo": "", "libelle": "Clavier HP", "prix_unitaire": 5000, "date": "2015-09-27T18:01:41.824Z", "desc": ""}}, {"pk": 6, "model": "dyvixitsolutions.produit", "fields": {"category": 2, "quantite": 20, "fournisseur": 2, "photo": "", "libelle": "Clavier Dell", "prix_unitaire": 5000, "date": "2015-09-27T18:01:41.827Z", "desc": ""}}, {"pk": 7, "model": "dyvixitsolutions.produit", "fields": {"category": 3, "quantite": 299, "fournisseur": 3, "photo": "", "libelle": "Souris Mac", "prix_unitaire": 2500, "date": "2015-09-27T18:01:41.831Z", "desc": ""}}, {"pk": 8, "model": "dyvixitsolutions.produit", "fields": {"category": 3, "quantite": 299, "fournisseur": 2, "photo": "", "libelle": "Souris Dell", "prix_unitaire": 2500, "date": "2015-09-27T18:01:41.909Z", "desc": ""}}, {"pk": 9, "model": "dyvixitsolutions.produit", "fields": {"category": 6, "quantite": 347, "fournisseur": 6, "photo": "", "libelle": "Switch Cisco", "prix_unitaire": 210000, "date": "2015-09-27T18:01:41.914Z", "desc": ""}}, {"pk": 10, "model": "dyvixitsolutions.produit", "fields": {"category": 12, "quantite": 100, "fournisseur": 7, "photo": "uploaded_files/1443475063_5_images (72).jpeg", "libelle": "Clavier LG", "prix_unitaire": 2500, "date": "2015-09-28T21:16:10Z", "desc": "Clavier LG de qualite superieure"}}, {"pk": 11, "model": "dyvixitsolutions.produit", "fields": {"category": 12, "quantite": 100, "fournisseur": 7, "photo": "uploaded_files/1443475217_18_acceuil_5.jpeg", "libelle": "Ecran Couleur Plats LG", "prix_unitaire": 145676, "date": "2015-09-28T21:19:28Z", "desc": "Ecran Couleur Plats LG de grande resistance"}}, {"pk": 1, "model": "dyvixitsolutions.service", "fields": {"nom": "Programmation C", "consultant": 1, "prix": 50000, "photo": "", "date": "2015-09-27T18:01:42.141Z", "type": 2, "desc": ""}}, {"pk": 2, "model": "dyvixitsolutions.service", "fields": {"nom": "Programmation Python", "consultant": 1, "prix": 150000, "photo": "", "date": "2015-09-27T18:01:42.222Z", "type": 2, "desc": ""}}, {"pk": 3, "model": "dyvixitsolutions.service", "fields": {"nom": "Programmation Web Avec Django", "consultant": 1, "prix": 250000, "photo": "", "date": "2015-09-27T18:01:42.252Z", "type": 2, "desc": ""}}, {"pk": 4, "model": "dyvixitsolutions.service", "fields": {"nom": "Programmation PHP", "consultant": 2, "prix": 750000, "photo": "", "date": "2015-09-27T18:01:42.259Z", "type": 2, "desc": ""}}, {"pk": 5, "model": "dyvixitsolutions.service", "fields": {"nom": "Installation Reseau", "consultant": 4, "prix": 250000, "photo": "", "date": "2015-09-27T18:01:42.303Z", "type": 1, "desc": ""}}, {"pk": 7, "model": "dyvixitsolutions.service", "fields": {"nom": "Bottle", "consultant": 1, "prix": 12499, "photo": "uploaded_files/1443472395_15_images (55).jpeg", "date": "2015-09-28T20:31:36Z", "type": 2, "desc": "Programmation Bottle"}}, {"pk": 8, "model": "dyvixitsolutions.service", "fields": {"nom": "Maintenance Reseaux", "consultant": 1, "prix": 1453680, "photo": "uploaded_files/1443473541_26_images (1).jpeg", "date": "2015-09-28T20:50:36Z", "type": 1, "desc": "Maintenance des Reseaux Informatiques Industriels de tres tres grande tailles."}}, {"pk": 9, "model": "dyvixitsolutions.service", "fields": {"nom": "Securite Reseaux", "consultant": 1, "prix": 125000, "photo": "uploaded_files/1443473868_15_images (13).jpeg", "date": "2015-09-28T20:54:31Z", "type": 1, "desc": "Securite des Reseaux Informatiques et Industriels de tres tres grandes tailles. Suivit et Monitoring des Reseaux Industriels. Delegations des responsabilites."}}, {"pk": 10, "model": "dyvixitsolutions.service", "fields": {"nom": "Depannage Reseaux", "consultant": 4, "prix": 123599, "photo": "uploaded_files/1443474068_91_acceuil_0.jpeg", "date": "2015-09-28T20:59:02Z", "type": 1, "desc": "Depannages des Reseaux Industriels de tres grande tailles dans les zones eloignees."}}, {"pk": 11, "model": "dyvixitsolutions.service", "fields": {"nom": "Maintenance", "consultant": 2, "prix": 250000, "photo": "uploaded_files/1443538091_27_nous-contacter_1.jpeg", "date": "2015-09-29T14:44:22Z", "type": 2, "desc": "Maintenance de la categorie programmation biasdohsofhdouahofsadndsljafhoshfoafhojdhfjoabhsdlfhlashfladsalbnjldkfbkjFBSDJFAKLBJGHKJAKJSHG;KLAHBSKJDGkjsfhkshljhlahjhjhajgoiahoshdoajgohoihohhoapgfuiqhoguhqfuihw"}}, {"pk": 12, "model": "dyvixitsolutions.service", "fields": {"nom": "MESSAGERIE UNIFI\u00c9E \"Une m\u00eame interface pour toutes vos correspondances.\"", "consultant": 1, "prix": 350000, "photo": "uploaded_files/1444347148_76_diapo_applications.png", "date": "2015-10-08T23:30:55Z", "type": 7, "desc": "ENJEUX\r\nFaire converger les moyens de communication (email, fax, sms, t\u00e9l\u00e9phone, messages vocaux\u2026) vers un seul support,\r\nFaciliter l\u2019acc\u00e8s aux services de messagerie pour les diff\u00e9rents utilisateurs,\r\nPermettre une meilleure r\u00e9activit\u00e9 pour les utilisateurs mobiles (commerciaux, consultants,\u2026).\r\nSOLUTIONS\r\nSolution bas\u00e9e sur une d\u00e9marche structur\u00e9e : analyse des besoins, suivi par la d\u00e9finition de l\u2019architecture et le choix de la solution technique (Microsoft Lync, Cisco Communication Manager, etc.),\r\nMise en place de la solution de messagerie unifi\u00e9e choisie et int\u00e9gration avec le reste du syst\u00e8me d\u2019information de l\u2019entreprise,\r\nAccompagnement dans la gestion du changement, notamment la formation des utilisateurs,\r\nPossibilit\u00e9 d\u2019infog\u00e9rer l\u2019exploitation et l\u2019administration de la solution.\r\nB\u00c9N\u00c9FICES CLIENT\r\nSimplicit\u00e9 d\u2019utilisation,\r\nBoite de r\u00e9ception unique des messages vocaux, fax, email, sms,\r\nAcc\u00e8s permanent et s\u00e9curis\u00e9 \u00e0 la boite vocale,\r\nEn cas de d\u00e9placement, acc\u00e8s aux m\u00eames outils de communication qu\u2019au sein de l\u2019entreprise,\r\nInt\u00e9gration avec vos solutions ERP et CRM,\r\nOptimisation des co\u00fbts,\r\nProductivit\u00e9 accrue."}}, {"pk": 1, "model": "dyvixitsolutions.commande", "fields": {"produit": 1, "date": "2015-09-27T18:01:42.609Z", "client": 4, "service": 1, "quantite": 12}}, {"pk": 2, "model": "dyvixitsolutions.commande", "fields": {"produit": 2, "date": "2015-09-27T18:01:42.691Z", "client": 3, "service": 1, "quantite": 15}}, {"pk": 1, "model": "dyvixitsolutions.facture", "fields": {"date": "2015-09-27T18:01:42.797Z", "commande": 1}}, {"pk": 2, "model": "dyvixitsolutions.facture", "fields": {"date": "2015-09-27T18:01:42.817Z", "commande": 2}}, {"pk": 1, "model": "contenttypes.contenttype", "fields": {"model": "consultant", "name": "consultant", "app_label": "dyvixitsolutions"}}, {"pk": 2, "model": "contenttypes.contenttype", "fields": {"model": "fournisseur", "name": "fournisseur", "app_label": "dyvixitsolutions"}}, {"pk": 3, "model": "contenttypes.contenttype", "fields": {"model": "client", "name": "client", "app_label": "dyvixitsolutions"}}, {"pk": 4, "model": "contenttypes.contenttype", "fields": {"model": "categoryproduit", "name": "category produit", "app_label": "dyvixitsolutions"}}, {"pk": 5, "model": "contenttypes.contenttype", "fields": {"model": "categoryservice", "name": "category service", "app_label": "dyvixitsolutions"}}, {"pk": 6, "model": "contenttypes.contenttype", "fields": {"model": "article", "name": "article", "app_label": "dyvixitsolutions"}}, {"pk": 7, "model": "contenttypes.contenttype", "fields": {"model": "info", "name": "info", "app_label": "dyvixitsolutions"}}, {"pk": 8, "model": "contenttypes.contenttype", "fields": {"model": "produit", "name": "produit", "app_label": "dyvixitsolutions"}}, {"pk": 9, "model": "contenttypes.contenttype", "fields": {"model": "service", "name": "service", "app_label": "dyvixitsolutions"}}, {"pk": 10, "model": "contenttypes.contenttype", "fields": {"model": "commande", "name": "commande", "app_label": "dyvixitsolutions"}}, {"pk": 11, "model": "contenttypes.contenttype", "fields": {"model": "facture", "name": "facture", "app_label": "dyvixitsolutions"}}, {"pk": 12, "model": "contenttypes.contenttype", "fields": {"model": "logentry", "name": "log entry", "app_label": "admin"}}, {"pk": 13, "model": "contenttypes.contenttype", "fields": {"model": "permission", "name": "permission", "app_label": "auth"}}, {"pk": 14, "model": "contenttypes.contenttype", "fields": {"model": "group", "name": "group", "app_label": "auth"}}, {"pk": 15, "model": "contenttypes.contenttype", "fields": {"model": "user", "name": "user", "app_label": "auth"}}, {"pk": 16, "model": "contenttypes.contenttype", "fields": {"model": "contenttype", "name": "content type", "app_label": "contenttypes"}}, {"pk": 17, "model": "contenttypes.contenttype", "fields": {"model": "session", "name": "session", "app_label": "sessions"}}, {"pk": "1slojmnj4ew4pls7hm543zztl7qn9bm3", "model": "sessions.session", "fields": {"expire_date": "2015-10-13T05:55:41.075Z", "session_data": "YjcyMWVkYzkyYmQ4OGRiMTlkYTY4NWM2NWViZjg3ZDY2Mjg0MzMyYjp7Il9hdXRoX3VzZXJfYmFja2VuZCI6ImRqYW5nby5jb250cmliLmF1dGguYmFja2VuZHMuTW9kZWxCYWNrZW5kIiwiX2F1dGhfdXNlcl9pZCI6MX0="}}, {"pk": "baohde43sbgkw7ll0p583wyd94lioe34", "model": "sessions.session", "fields": {"expire_date": "2015-10-22T22:39:13.310Z", "session_data": "YjcyMWVkYzkyYmQ4OGRiMTlkYTY4NWM2NWViZjg3ZDY2Mjg0MzMyYjp7Il9hdXRoX3VzZXJfYmFja2VuZCI6ImRqYW5nby5jb250cmliLmF1dGguYmFja2VuZHMuTW9kZWxCYWNrZW5kIiwiX2F1dGhfdXNlcl9pZCI6MX0="}}, {"pk": "d2wiqkjnbkymlznq5pkkg3u56xw8oude", "model": "sessions.session", "fields": {"expire_date": "2016-05-04T20:04:20.773Z", "session_data": "YjcyMWVkYzkyYmQ4OGRiMTlkYTY4NWM2NWViZjg3ZDY2Mjg0MzMyYjp7Il9hdXRoX3VzZXJfYmFja2VuZCI6ImRqYW5nby5jb250cmliLmF1dGguYmFja2VuZHMuTW9kZWxCYWNrZW5kIiwiX2F1dGhfdXNlcl9pZCI6MX0="}}, {"pk": "fdcvumr2x2vi3nxowobtkgixc6tcf1ar", "model": "sessions.session", "fields": {"expire_date": "2016-07-27T11:17:31.892Z", "session_data": "YjcyMWVkYzkyYmQ4OGRiMTlkYTY4NWM2NWViZjg3ZDY2Mjg0MzMyYjp7Il9hdXRoX3VzZXJfYmFja2VuZCI6ImRqYW5nby5jb250cmliLmF1dGguYmFja2VuZHMuTW9kZWxCYWNrZW5kIiwiX2F1dGhfdXNlcl9pZCI6MX0="}}, {"pk": "hzsqpewvytbxapp2wyf4wli636w289ai", "model": "sessions.session", "fields": {"expire_date": "2015-10-13T05:12:22.975Z", "session_data": "YjcyMWVkYzkyYmQ4OGRiMTlkYTY4NWM2NWViZjg3ZDY2Mjg0MzMyYjp7Il9hdXRoX3VzZXJfYmFja2VuZCI6ImRqYW5nby5jb250cmliLmF1dGguYmFja2VuZHMuTW9kZWxCYWNrZW5kIiwiX2F1dGhfdXNlcl9pZCI6MX0="}}, {"pk": "jsvb3kt67b7zsm4o9dm4h3tvzz3sbbmt", "model": "sessions.session", "fields": {"expire_date": "2015-10-23T10:12:25.619Z", "session_data": "YjcyMWVkYzkyYmQ4OGRiMTlkYTY4NWM2NWViZjg3ZDY2Mjg0MzMyYjp7Il9hdXRoX3VzZXJfYmFja2VuZCI6ImRqYW5nby5jb250cmliLmF1dGguYmFja2VuZHMuTW9kZWxCYWNrZW5kIiwiX2F1dGhfdXNlcl9pZCI6MX0="}}, {"pk": "jtniufokfw7uich3uv37p1chq7qsyjon", "model": "sessions.session", "fields": {"expire_date": "2015-10-11T16:02:10.352Z", "session_data": "YjcyMWVkYzkyYmQ4OGRiMTlkYTY4NWM2NWViZjg3ZDY2Mjg0MzMyYjp7Il9hdXRoX3VzZXJfYmFja2VuZCI6ImRqYW5nby5jb250cmliLmF1dGguYmFja2VuZHMuTW9kZWxCYWNrZW5kIiwiX2F1dGhfdXNlcl9pZCI6MX0="}}, {"pk": "n7negapkkrzvpsod75zt051f2h6gosm5", "model": "sessions.session", "fields": {"expire_date": "2015-10-12T13:24:55.565Z", "session_data": "YjcyMWVkYzkyYmQ4OGRiMTlkYTY4NWM2NWViZjg3ZDY2Mjg0MzMyYjp7Il9hdXRoX3VzZXJfYmFja2VuZCI6ImRqYW5nby5jb250cmliLmF1dGguYmFja2VuZHMuTW9kZWxCYWNrZW5kIiwiX2F1dGhfdXNlcl9pZCI6MX0="}}, {"pk": "nsesiwgxdhxkujwptntcehx167f79bbv", "model": "sessions.session", "fields": {"expire_date": "2016-02-26T20:05:07.059Z", "session_data": "YjcyMWVkYzkyYmQ4OGRiMTlkYTY4NWM2NWViZjg3ZDY2Mjg0MzMyYjp7Il9hdXRoX3VzZXJfYmFja2VuZCI6ImRqYW5nby5jb250cmliLmF1dGguYmFja2VuZHMuTW9kZWxCYWNrZW5kIiwiX2F1dGhfdXNlcl9pZCI6MX0="}}, {"pk": "qps2uk2v29hghh3bwkpz2m76bl5nnmyt", "model": "sessions.session", "fields": {"expire_date": "2016-11-27T14:36:35.807Z", "session_data": "YjcyMWVkYzkyYmQ4OGRiMTlkYTY4NWM2NWViZjg3ZDY2Mjg0MzMyYjp7Il9hdXRoX3VzZXJfYmFja2VuZCI6ImRqYW5nby5jb250cmliLmF1dGguYmFja2VuZHMuTW9kZWxCYWNrZW5kIiwiX2F1dGhfdXNlcl9pZCI6MX0="}}, {"pk": "s1plujkwztobi1393xvvkqktd3xrgh5b", "model": "sessions.session", "fields": {"expire_date": "2016-05-06T20:49:59.418Z", "session_data": "YjcyMWVkYzkyYmQ4OGRiMTlkYTY4NWM2NWViZjg3ZDY2Mjg0MzMyYjp7Il9hdXRoX3VzZXJfYmFja2VuZCI6ImRqYW5nby5jb250cmliLmF1dGguYmFja2VuZHMuTW9kZWxCYWNrZW5kIiwiX2F1dGhfdXNlcl9pZCI6MX0="}}, {"pk": "uziuqqvgkexzejyvsoil0fzhl1mkrf1j", "model": "sessions.session", "fields": {"expire_date": "2015-10-21T20:26:19.406Z", "session_data": "YjcyMWVkYzkyYmQ4OGRiMTlkYTY4NWM2NWViZjg3ZDY2Mjg0MzMyYjp7Il9hdXRoX3VzZXJfYmFja2VuZCI6ImRqYW5nby5jb250cmliLmF1dGguYmFja2VuZHMuTW9kZWxCYWNrZW5kIiwiX2F1dGhfdXNlcl9pZCI6MX0="}}, {"pk": "vsxq332b7durevge8trwayps5cdn0ujg", "model": "sessions.session", "fields": {"expire_date": "2016-07-14T20:02:50.700Z", "session_data": "YjcyMWVkYzkyYmQ4OGRiMTlkYTY4NWM2NWViZjg3ZDY2Mjg0MzMyYjp7Il9hdXRoX3VzZXJfYmFja2VuZCI6ImRqYW5nby5jb250cmliLmF1dGguYmFja2VuZHMuTW9kZWxCYWNrZW5kIiwiX2F1dGhfdXNlcl9pZCI6MX0="}}, {"pk": 1, "model": "auth.permission", "fields": {"codename": "add_consultant", "name": "Can add consultant", "content_type": 1}}, {"pk": 2, "model": "auth.permission", "fields": {"codename": "change_consultant", "name": "Can change consultant", "content_type": 1}}, {"pk": 3, "model": "auth.permission", "fields": {"codename": "delete_consultant", "name": "Can delete consultant", "content_type": 1}}, {"pk": 4, "model": "auth.permission", "fields": {"codename": "add_fournisseur", "name": "Can add fournisseur", "content_type": 2}}, {"pk": 5, "model": "auth.permission", "fields": {"codename": "change_fournisseur", "name": "Can change fournisseur", "content_type": 2}}, {"pk": 6, "model": "auth.permission", "fields": {"codename": "delete_fournisseur", "name": "Can delete fournisseur", "content_type": 2}}, {"pk": 7, "model": "auth.permission", "fields": {"codename": "add_client", "name": "Can add client", "content_type": 3}}, {"pk": 8, "model": "auth.permission", "fields": {"codename": "change_client", "name": "Can change client", "content_type": 3}}, {"pk": 9, "model": "auth.permission", "fields": {"codename": "delete_client", "name": "Can delete client", "content_type": 3}}, {"pk": 10, "model": "auth.permission", "fields": {"codename": "add_categoryproduit", "name": "Can add category produit", "content_type": 4}}, {"pk": 11, "model": "auth.permission", "fields": {"codename": "change_categoryproduit", "name": "Can change category produit", "content_type": 4}}, {"pk": 12, "model": "auth.permission", "fields": {"codename": "delete_categoryproduit", "name": "Can delete category produit", "content_type": 4}}, {"pk": 13, "model": "auth.permission", "fields": {"codename": "add_categoryservice", "name": "Can add category service", "content_type": 5}}, {"pk": 14, "model": "auth.permission", "fields": {"codename": "change_categoryservice", "name": "Can change category service", "content_type": 5}}, {"pk": 15, "model": "auth.permission", "fields": {"codename": "delete_categoryservice", "name": "Can delete category service", "content_type": 5}}, {"pk": 16, "model": "auth.permission", "fields": {"codename": "add_article", "name": "Can add article", "content_type": 6}}, {"pk": 17, "model": "auth.permission", "fields": {"codename": "change_article", "name": "Can change article", "content_type": 6}}, {"pk": 18, "model": "auth.permission", "fields": {"codename": "delete_article", "name": "Can delete article", "content_type": 6}}, {"pk": 19, "model": "auth.permission", "fields": {"codename": "add_info", "name": "Can add info", "content_type": 7}}, {"pk": 20, "model": "auth.permission", "fields": {"codename": "change_info", "name": "Can change info", "content_type": 7}}, {"pk": 21, "model": "auth.permission", "fields": {"codename": "delete_info", "name": "Can delete info", "content_type": 7}}, {"pk": 22, "model": "auth.permission", "fields": {"codename": "add_produit", "name": "Can add produit", "content_type": 8}}, {"pk": 23, "model": "auth.permission", "fields": {"codename": "change_produit", "name": "Can change produit", "content_type": 8}}, {"pk": 24, "model": "auth.permission", "fields": {"codename": "delete_produit", "name": "Can delete produit", "content_type": 8}}, {"pk": 25, "model": "auth.permission", "fields": {"codename": "add_service", "name": "Can add service", "content_type": 9}}, {"pk": 26, "model": "auth.permission", "fields": {"codename": "change_service", "name": "Can change service", "content_type": 9}}, {"pk": 27, "model": "auth.permission", "fields": {"codename": "delete_service", "name": "Can delete service", "content_type": 9}}, {"pk": 28, "model": "auth.permission", "fields": {"codename": "add_commande", "name": "Can add commande", "content_type": 10}}, {"pk": 29, "model": "auth.permission", "fields": {"codename": "change_commande", "name": "Can change commande", "content_type": 10}}, {"pk": 30, "model": "auth.permission", "fields": {"codename": "delete_commande", "name": "Can delete commande", "content_type": 10}}, {"pk": 31, "model": "auth.permission", "fields": {"codename": "add_facture", "name": "Can add facture", "content_type": 11}}, {"pk": 32, "model": "auth.permission", "fields": {"codename": "change_facture", "name": "Can change facture", "content_type": 11}}, {"pk": 33, "model": "auth.permission", "fields": {"codename": "delete_facture", "name": "Can delete facture", "content_type": 11}}, {"pk": 34, "model": "auth.permission", "fields": {"codename": "add_logentry", "name": "Can add log entry", "content_type": 12}}, {"pk": 35, "model": "auth.permission", "fields": {"codename": "change_logentry", "name": "Can change log entry", "content_type": 12}}, {"pk": 36, "model": "auth.permission", "fields": {"codename": "delete_logentry", "name": "Can delete log entry", "content_type": 12}}, {"pk": 37, "model": "auth.permission", "fields": {"codename": "add_permission", "name": "Can add permission", "content_type": 13}}, {"pk": 38, "model": "auth.permission", "fields": {"codename": "change_permission", "name": "Can change permission", "content_type": 13}}, {"pk": 39, "model": "auth.permission", "fields": {"codename": "delete_permission", "name": "Can delete permission", "content_type": 13}}, {"pk": 40, "model": "auth.permission", "fields": {"codename": "add_group", "name": "Can add group", "content_type": 14}}, {"pk": 41, "model": "auth.permission", "fields": {"codename": "change_group", "name": "Can change group", "content_type": 14}}, {"pk": 42, "model": "auth.permission", "fields": {"codename": "delete_group", "name": "Can delete group", "content_type": 14}}, {"pk": 43, "model": "auth.permission", "fields": {"codename": "add_user", "name": "Can add user", "content_type": 15}}, {"pk": 44, "model": "auth.permission", "fields": {"codename": "change_user", "name": "Can change user", "content_type": 15}}, {"pk": 45, "model": "auth.permission", "fields": {"codename": "delete_user", "name": "Can delete user", "content_type": 15}}, {"pk": 46, "model": "auth.permission", "fields": {"codename": "add_contenttype", "name": "Can add content type", "content_type": 16}}, {"pk": 47, "model": "auth.permission", "fields": {"codename": "change_contenttype", "name": "Can change content type", "content_type": 16}}, {"pk": 48, "model": "auth.permission", "fields": {"codename": "delete_contenttype", "name": "Can delete content type", "content_type": 16}}, {"pk": 49, "model": "auth.permission", "fields": {"codename": "add_session", "name": "Can add session", "content_type": 17}}, {"pk": 50, "model": "auth.permission", "fields": {"codename": "change_session", "name": "Can change session", "content_type": 17}}, {"pk": 51, "model": "auth.permission", "fields": {"codename": "delete_session", "name": "Can delete session", "content_type": 17}}, {"pk": 1, "model": "auth.user", "fields": {"username": "lmwm", "first_name": "", "last_name": "", "is_active": true, "is_superuser": true, "is_staff": true, "last_login": "2016-11-13T14:36:35.751Z", "groups": [], "user_permissions": [], "password": "pbkdf2_sha256$12000$AJLO5PCcvV25$6g3slvIE8P9jO9Eh/UUFhKN9M+vZpu10jc+fHPVNb6U=", "email": "waffoluc@gmail.com", "date_joined": "2015-09-27T15:14:06.970Z"}}, {"pk": 2, "model": "auth.user", "fields": {"username": "Yvixtn", "first_name": "", "last_name": "", "is_active": true, "is_superuser": true, "is_staff": true, "last_login": "2015-10-08T22:59:28Z", "groups": [], "user_permissions": [], "password": "pbkdf2_sha256$12000$iLgvrRzIvwpe$L0aMSqLz7QlWepaqg4UtutbMHyBwHfG+czm4t91vESs=", "email": "", "date_joined": "2015-10-08T22:59:28Z"}}, {"pk": 1, "model": "admin.logentry", "fields": {"action_flag": 1, "action_time": "2015-09-28T13:26:23.603Z", "object_repr": "Article - Waafff ( 0 Likes!)", "object_id": "4", "change_message": "", "user": 1, "content_type": 6}}, {"pk": 2, "model": "admin.logentry", "fields": {"action_flag": 3, "action_time": "2015-09-28T13:37:50.941Z", "object_repr": "Article - Waafff ( 0 Likes!)", "object_id": "4", "change_message": "", "user": 1, "content_type": 6}}, {"pk": 3, "model": "admin.logentry", "fields": {"action_flag": 1, "action_time": "2015-09-28T13:40:44.295Z", "object_repr": "LG", "object_id": "12", "change_message": "", "user": 1, "content_type": 4}}, {"pk": 4, "model": "admin.logentry", "fields": {"action_flag": 1, "action_time": "2015-09-28T14:19:33.672Z", "object_repr": "Storage", "object_id": "6", "change_message": "", "user": 1, "content_type": 5}}, {"pk": 5, "model": "admin.logentry", "fields": {"action_flag": 1, "action_time": "2015-09-28T18:48:03.952Z", "object_repr": "Article - Waf Art ( 0 Likes!)", "object_id": "4", "change_message": "", "user": 1, "content_type": 6}}, {"pk": 6, "model": "admin.logentry", "fields": {"action_flag": 1, "action_time": "2015-09-28T18:50:55.018Z", "object_repr": "Information - Waf Inf ( 0 Likes!)", "object_id": "4", "change_message": "", "user": 1, "content_type": 7}}, {"pk": 7, "model": "admin.logentry", "fields": {"action_flag": 2, "action_time": "2015-09-28T20:11:36.283Z", "object_repr": "LG", "object_id": "12", "change_message": "Changed photo.", "user": 1, "content_type": 4}}, {"pk": 8, "model": "admin.logentry", "fields": {"action_flag": 1, "action_time": "2015-09-28T20:33:15.235Z", "object_repr": "Bottle", "object_id": "7", "change_message": "", "user": 1, "content_type": 9}}, {"pk": 9, "model": "admin.logentry", "fields": {"action_flag": 1, "action_time": "2015-09-28T20:52:21.284Z", "object_repr": "Maintenance Reseaux", "object_id": "8", "change_message": "", "user": 1, "content_type": 9}}, {"pk": 10, "model": "admin.logentry", "fields": {"action_flag": 1, "action_time": "2015-09-28T20:57:48.189Z", "object_repr": "Securite Reseaux", "object_id": "9", "change_message": "", "user": 1, "content_type": 9}}, {"pk": 11, "model": "admin.logentry", "fields": {"action_flag": 3, "action_time": "2015-09-28T20:59:00.466Z", "object_repr": "Depannage Reseau", "object_id": "6", "change_message": "", "user": 1, "content_type": 9}}, {"pk": 12, "model": "admin.logentry", "fields": {"action_flag": 1, "action_time": "2015-09-28T21:00:08.403Z", "object_repr": "Depannage Reseaux", "object_id": "10", "change_message": "", "user": 1, "content_type": 9}}, {"pk": 13, "model": "admin.logentry", "fields": {"action_flag": 2, "action_time": "2015-09-28T21:01:08.927Z", "object_repr": "Depannage Reseaux", "object_id": "10", "change_message": "Changed photo.", "user": 1, "content_type": 9}}, {"pk": 14, "model": "admin.logentry", "fields": {"action_flag": 1, "action_time": "2015-09-28T21:17:31.282Z", "object_repr": "LG", "object_id": "7", "change_message": "", "user": 1, "content_type": 2}}, {"pk": 15, "model": "admin.logentry", "fields": {"action_flag": 1, "action_time": "2015-09-28T21:17:43.520Z", "object_repr": "Clavier LG", "object_id": "10", "change_message": "", "user": 1, "content_type": 8}}, {"pk": 16, "model": "admin.logentry", "fields": {"action_flag": 1, "action_time": "2015-09-28T21:20:17.246Z", "object_repr": "Ecran Couleur Plats LG", "object_id": "11", "change_message": "", "user": 1, "content_type": 8}}, {"pk": 17, "model": "admin.logentry", "fields": {"action_flag": 1, "action_time": "2015-09-29T14:11:33.575Z", "object_repr": "Article - Yvix Article ( 0 Likes!)", "object_id": "5", "change_message": "", "user": 1, "content_type": 6}}, {"pk": 18, "model": "admin.logentry", "fields": {"action_flag": 1, "action_time": "2015-09-29T14:16:31.527Z", "object_repr": "Information - Yvix Info ( 0 Likes!)", "object_id": "5", "change_message": "", "user": 1, "content_type": 7}}, {"pk": 19, "model": "admin.logentry", "fields": {"action_flag": 1, "action_time": "2015-09-29T14:48:11.327Z", "object_repr": "Maintenance", "object_id": "11", "change_message": "", "user": 1, "content_type": 9}}, {"pk": 20, "model": "admin.logentry", "fields": {"action_flag": 1, "action_time": "2015-10-08T22:59:28.770Z", "object_repr": "Yvixtn", "object_id": "2", "change_message": "", "user": 1, "content_type": 15}}, {"pk": 21, "model": "admin.logentry", "fields": {"action_flag": 2, "action_time": "2015-10-08T22:59:44.013Z", "object_repr": "Yvixtn", "object_id": "2", "change_message": "Changed is_staff and is_superuser.", "user": 1, "content_type": 15}}, {"pk": 22, "model": "admin.logentry", "fields": {"action_flag": 2, "action_time": "2015-10-08T23:00:09.685Z", "object_repr": "Yvixtn", "object_id": "2", "change_message": "No fields changed.", "user": 1, "content_type": 15}}, {"pk": 23, "model": "admin.logentry", "fields": {"action_flag": 1, "action_time": "2015-10-08T23:04:41.519Z", "object_repr": "Article - Sarah Sharp : \u00ab je ne fais plus partie de la com ( 0 Likes!)", "object_id": "6", "change_message": "", "user": 1, "content_type": 6}}, {"pk": 24, "model": "admin.logentry", "fields": {"action_flag": 2, "action_time": "2015-10-08T23:13:10.827Z", "object_repr": "Article - Sarah Sharp : \u00ab je ne fais plus partie de la com ( 0 Likes!)", "object_id": "6", "change_message": "Changed photo.", "user": 1, "content_type": 6}}, {"pk": 25, "model": "admin.logentry", "fields": {"action_flag": 1, "action_time": "2015-10-08T23:26:27.848Z", "object_repr": "software", "object_id": "7", "change_message": "", "user": 1, "content_type": 5}}, {"pk": 26, "model": "admin.logentry", "fields": {"action_flag": 1, "action_time": "2015-10-08T23:27:05.196Z", "object_repr": "MESSAGERIE UNIFI\u00c9E", "object_id": "12", "change_message": "", "user": 1, "content_type": 9}}, {"pk": 27, "model": "admin.logentry", "fields": {"action_flag": 3, "action_time": "2015-10-08T23:30:36.661Z", "object_repr": "MESSAGERIE UNIFI\u00c9E", "object_id": "12", "change_message": "", "user": 1, "content_type": 9}}, {"pk": 28, "model": "admin.logentry", "fields": {"action_flag": 1, "action_time": "2015-10-08T23:32:29.188Z", "object_repr": "MESSAGERIE UNIFI\u00c9E \"Une m\u00eame interface pour toutes vos correspondances.\"", "object_id": "12", "change_message": "", "user": 1, "content_type": 9}}]